{
  "Чысксс": 19414.0,
  "Цднщъъ": 6856.0,
  "Бхмнхщ": 244343.55160768947,
  "Гръшрш": 58089.916078421506,
  "Шбыытт": 19414.0,
  "Вкчпч": 6856.0,
  "Ъцдтшы": 244343.55160768947,
  "Фшвьцц": 58089.916078421506,
  "Чзхбг": 19414.0
}